johnsonville.andouille.dinner.sausage,1
jambalaya.rice.mix,2
fiber.one,1
duck.drippings,1
long.pasta,1
beef.smoked.sausage,2
creole.spice.mix,1
redfish.fillet,1
zatarain.s.jambalaya.mix,1
creole.seasoning.mix,1
orange.blossom.extract,1
carrot.greens,1
red.drum,1
worcestershire.sauce.low.sodium,1
oil.packed.anchovies,1
celery.flakes,2
cajun.style.stewed.tomatoes,3
macaroni.and.cheese.dinner,1
low.sodium.chili.sauce,1
large.sausage.casing,1
hickory.flavored.liquid.smoke,1
gumbo.file,8
gourmet.garden.garlic.paste,3
gourmet.garden.oregano,1
johnsonville.andouille,6
pompeian.canola.oil.and.extra.virgin.olive.oil,4
smoked.turkey.drumstick,1
johnsonvilleR.hot..n.spicy.brats,1
orange.flavored.brandy,1
whole.grain.english.muffins,1
peppadews,1
herbsaint,1
johnsonville.smoked.sausage,6
champagne.grapes,1
redfish,2
satsuma.juice,1
boudin,3
frozen.cod.fillets,2
banana.bread,1
chocolate.chip.cookie.dough.ice.cream,1
fresh.flounder.fillets,1
blue.curacao,1
johnsonville.andouille.fully.cooked.sausage,1
klondike.rose.red.skin.potato,1
knorrR.fiesta.sides.spanish.rice,1
vegetable.gumbo,2
butter.salt,1
prune.puree,1
cabbage.lettuce,1
reduced.sodium.cream.of.mushroom.soup,1
jambalaya.mix,3
light.kidney.beans,1
hickory.smoke,1
whole.grain.roll,1
gumbo.file.powder,2
bottled.italian.dressing,2
turtle,1
boneless.chops,1
essence.seasoning,1
johnsonville.hot...spicy.sausage.slices,1
hazelnut.flour,1
tuttorosso.diced.tomatoes,1
alexia.waffle.fries,1
uncle.ben.s.ready.rice.whole.grain.brown.rice,1
butter.flavor.shortening,1
salt.free.seasoning,2
low.sodium.cajun.seasoning,1
louisiana.cajun.seasoning,1
absinthe,1
tony.chachere.s.seasoning,1
v8.juice,1
cajun.creole.seasoning.mix,2
beef.stew.seasoning.mix,1
camellia.red.kidney.beans,1
low.fat.tartar.sauce,1
crabmeat.frozen,1
smart.balance.cooking.spray,1
low.sodium.tomato,1
creole.seafood.seasoning,1
cajun.remoulade,1
gourmet.garden.parsley,1
jonshonvilleR.cajun.style.chicken.sausage,1
creme.de.cacao,1
file,1
sugar.pearls,1
ice.cream.salt,1
dole.seven.lettuces,1
salt.free.cajun.creole.seasoning,1
old.bay.blackened.seasoning,1
zatarains.creole.seasoning,1
jambalaya,1
andouille.turkey.sausages,2
peeled.diced.tomatoes,1
pillsbury.pie.crusts,1
eye.steaks,1
sargentoR.artisan.blendsR.shredded.parmesan.cheese,1
spinach.tortilla,1
dip.mix,1
whole.turkey,1
green.bellpepper,1
imitation.seafood,1
honeysuckle.whiteR.hot.italian.turkey.sausage.links,1
reduced.sodium.ham,1
kraft.slim.cut.mozzarella.cheese.slices,1
oscar.mayer.cotto.salami,1
