blueberri.preserv,1
lemon.soda,1
annatto.oil,1
pandan.extract,2
lumpia.skins,10
ampalaya,3
calamansi.juice,17
annatto.powder,3
cured.chorizo,1
ox.tongue,2
mo.qua,1
fully.cooked.luncheon.meat,1
chinese.duck.sauce,1
bottom.round,2
accent.seasoning,6
distilled.malt.vinegar,1
seafood.base,1
milkfish,3
luncheon.meat,2
refined.sugar,2
bihon,2
nestle.table.cream,2
lumpia.wrappers,16
kalamansi.juice,2
coconut.meat,2
filipino.eggplant,1
pink.salt,1
pork.shanks,1
pepper.leaves,1
pancit.bihon,1
small.potatoes,1
cornstarch.noodles,1
sweet.cream.butter,1
pancit.canton,2
mountain.dew.soda,1
kangkong,3
long.green.pepper,1
kinchay,3
medium.potatoes,1
pancit,1
mini.bananas,1
boneless.steak,1
sago.pearls,2
cream.powder,1
blood,1
pork.heart,1
miswa,1
dried.shallots,1
lambs.liver,1
dark.chocolate.cocoa.powder,1
holland.house.white.wine.vinegar,1
