karashi,2
branzino.fillets,1
yellowtail,1
arame,1
lemon.cucumber,1
umeboshi.vinegar,1
umeboshi,3
hatcho.miso,4
kamaboko,4
tokyo.negi,3
komatsuna,2
usukuchi.soy.sauce,1
bass,1
shungiku,2
sansho,4
shiromiso,1
salsify,2
sweet.white.miso.paste,1
sushi.grade.tuna,5
steak.fillets,2
sushi.vinegar,1
gravlax,1
sea.bream,1
baby.radishes,2
shoga,1
katsuo.bushi,2
mccormick.poppy.seed,1
mccormick.ground.white.pepper,1
heeng,2
dhaniya.powder,1
dashi.powder,16
a.taste.of.thai.rice.noodles,1
asakusa.nori,1
sodium.free.chicken.broth,1
matcha,1
vegetable.slaw,1
ikura,1
sweet.white.miso,3
dried.fish.flakes,2
light.cream.or.half.and.half,1
lipton.green.tea.bag,1
tonkatsu.sauce,14
aka.miso,3
mizkan.oigatsuo.tsuyu.soup.base,2
miso.sesame.grilling.sauce,1
saki,1
dark.miso,2
gobo.root,2
tempura.batter,3
darjeeling.tea.leaves,1
wasabe,1
red.chard,1
abura.age,4
mizkan.rice.vinegar,2
umeboshi.paste,3
yuzukosho,2
yam.noodles,1
mochi,2
nori.paper,2
tobiko,2
konnyaku,3
kampyo,1
katsuo.dashi,1
chive.blossoms,1
awase.miso,1
nigari.tofu,1
yaki.nori,2
vegetable.demi.glace,3
extra.firm.silken.tofu,1
butternut,1
dried.sardines,2
mentsuyu,2
yellowfin,1
masago,1
amberjack.fillet,1
soya.flour,1
uni,1
buttercup.squash,1
lemon.twists,1
yuzu,5
earth.balance.buttery.spread,1
barley.miso,2
yuzu.juice,3
smoked.eel,1
kasu,2
soy.vayR.veri.veri.teriyakiR.marinade...sauce,1
herb.dressing,1
dried.bonito,2
shishito.chile,1
mitsuba,6
unagi,3
japanese.pumpkin,1
aonori,2
chuno.sauce,2
king.salmon,1
braggs.liquid.aminos,1
truviaR.natural.sweetener,1
stem.ginger,1
harusame,1
katakuriko,2
shredded.bamboo,1
cod.roe,1
daikon.sprouts,1
gomashio,1
genmai.miso,1
lox,1
burger.rolls,1
matsutake.mushrooms,1
japanese.mayonnaise,2
delicata.squash,1
nonfat.dried.milk,1
beet.juice,1
curry.sauce.mix,1
maitake.mushrooms,3
sesame.butter,1
japanese.radish,1
baby.turnips,2
salmon.sashimi,2
brill,1
instant.tea.powder,1
crab.sticks,1
mellow.white.miso,1
hijiki,1
ogura.an,1
brown.beech.mushrooms,1
cracked.wheat,1
mentaiko,1
savoy.spinach,1
king.crab,1
hakusai,1
orgeat.syrup,1
nori.furikake,1
winesap,1
sato.imo,1
tonic.water,1
chartreuse.liqueur,1
aloe.juice,1
flowering.chinese.chives,1
tongue,1
