taiwanese.bok.choy,1
sesame.salt,2
rice.syrup,10
fat.trimmed.beef.flank.steak,1
pancake.mix,5
strip.loin.steak,1
soy.glaze,1
fiddlehead.ferns,1
doenzang,6
kimchi.juice,6
gochugaru,30
umeboshi.plum.vinegar,1
sandwich.steak,1
korean.chile,3
pear.juice,6
kim.chee,1
wondra,1
korean.chile.paste,10
mustard.sauce,2
sweet.potato.vermicelli,3
fern,1
chuck.tender,1
korean.buckwheat.noodles,1
reduced.sodium.beef.stock,1
habas,1
bone.in.short.ribs,1
nashi,1
korean.vermicelli,1
dark.soy,1
melissa,1
kochu.chang,1
riso,1
dangmyun,1
azuki.bean,1
angus,1
chrysanthemum,1
black.radish,1
gluten.free.penne,1
mandarin.orange.juice,1
beef.carpaccio,1
ketjap,1
