membrillo,1
chorizo.spanish,1
hibiscus.tea,1
garden.cress,1
rioja,5
citrus.vinaigrette,1
paella.rice,4
sobrasada,1
fideos,6
garlic.mayonnaise,1
blood.sausage,1
quince.paste,3
claws,1
low.sodium.vegetable.juice,3
sweet.chorizo,1
sparkling.sangria.tradicional,1
sangria,2
piment.despelette,1
peach.vodka,1
aged.manchego.cheese,2
valencia.rice,2
apple.schnapps,1
foccacia,1
pimenton.de.la.vera,1
pork.sausage.links,1
almond.oil,1
tomato.jam,1
reduced.sodium.garbanzos,1
amontillado.sherry,1
cabrales,2
low.sodium.96..fat.free.ham,1
saltpeter,1
ascorbic.acid,1
pain.au.levain,1
piquillo.peppers,2
atlantic.cod.fillets,1
plain.seltzer,1
cava,2
morcilla,1
demi.baguette,1
padron.peppers,1
regular.cucumber,2
smoked.chorizo,1
burrito.seasoning.mix,1
gravenstein.apple,1
fideos.pasta,1
blanco.chees.queso,1
strawberry.compote,1
boquerones,1
rice.mix,1
langoustines,1
roasted.almond.oil,1
linguisa,1
carrot.juice,1
