asian.basil,4
toasted.nuts,1
dried.wood.ear.mushrooms,6
pork.roll,1
roast.pork.seasoning.mix,1
banh.hoi,1
thin.rice.stick.noodles,2
opo.squash,1
conimex.wok.olie,1
conimex.woksaus.specials.vietnamese.gember.knoflook,1
anise.basil,1
rice.paddy.herb,3
hero.rolls,3
nuoc.cham,9
balm,3
banh.pho.rice.noodles,2
nuoc.nam,5
vietnamese.rice.paper,3
eye.of.the.round,1
shrimp.chips,1
granulated.tapioca,1
wish.bone.light.asian.sesame.ginger.vinaigrette.dressing,1
dragon.fruit,1
fine.egg.noodles,1
long.buns,1
cinnamon.candy.canes,1
small.yellow.onion,2
asian,1
balm.leaves,1
hubbard.squash,1
low.fat.sweetened.condensed.milk,1
broccoli.romanesco,1
laksa.paste,1
yam.bean,1
dulong,1
tuong,1
oyster.liquor,1
foster.farms.boneless.skinless.chicken.breasts,1
anise.powder,2
french.style.sandwich.rolls,1
liverwurst,1
do.chua,1
tri.tip.steak,1
drum,1
chicken.egg,1
whole.grain.baguette,1
