cachaca,70
sablefish,1
frozen.banana,9
pure.acai.puree,4
xuxu,1
lemon.lime.beverage,1
palm.oil,12
skate.wing,2
protein.powder,1
acai,14
chocolate.drink,1
hawaiian.salt,1
sliced.mango,1
raw.buckwheat.groats,1
barramundi.fillets,1
longaniza,1
farofa,3
unsweetened.vanilla.almond.milk,1
linguica,3
fruit.puree,1
cuttlefish,1
bee.pollen,2
acai.powder,5
cassava.root.flour,1
cassava.meal,2
brazil.nuts,2
manioc.flour,12
carne.seca,4
chourico,1
chipped.beef,1
dende.oil,7
homemade.stock,1
maca.powder,1
acai.juice,1
chimichurri,1
breakfast.sausage.links,1
adobo.style.seasoning,1
yucca.root,1
sazon.goya,1
arrow.root,1
baobab.fruit.powder,1
pork.tongue,2
licor.43,1
chocolate.milk.mix,1
sugar.in.the.raw,1
pizza.seasoning,1
low.fat.chicken.broth,1
paprika.paste,1
diced.bacon,1
ground.dried.shrimp,1
