dried.black.mushrooms,9
whole.grain.thin.spaghetti,1
liquorice,1
chinese.black.bean,2
chinese.hot.mustard,1
soy.marinade,1
chile.bean.paste,5
shanghai.noodles,3
chinese.red.vinegar,1
fermented.black.beans,36
e.fu.noodl,2
lily.flowers,4
cloud.ear.fungus,1
barley.flakes,1
black.bean.sauce.with.garlic,1
black.chicken,1
ground.roasted.sichuan.peppers,1
gluten.free.chicken.stock,1
dried.prawns,1
ground.sichuan.pepper,17
black.fungus,5
karo,1
argo.corn.starch,1
mantou,1
minute.steaks,1
nian.gao,1
abalone,2
soy.nuts,1
side.pork,1
maltose,9
ginseng.tea,1
high.gluten.flour,2
chinese.rose.wine,5
chinese.red.rice.vinegar,2
garland.chrysanthemum,1
char.siu,8
old.ginger,2
chinese.ham,5
lamb.breast,2
sea.cucumber,2
comice.pears,1
tea.cake,1
sweet.soy,1
char.siu.sauce,3
chinese.roast.pork,4
chinese.baby.corn,1
chinese.rice.vinegar,8
yellow.chives,6
chenpi,7
oyster.flavor.sauc,3
cauliflowerets,1
mandarin.pancakes,1
fermented.bean.curd,1
braising.beef,1
yu.choy,3
szechuan.sauce,2
chinese.celery.cabbage,1
rape,1
dumpling.skins,2
green.soybeans,1
sweet...sour.stir.fry.sauce,1
double.dark.soi.sauc,1
store.bought.low.sodium.vegetable.stock,1
chinese.wolfberries,1
black.mushrooms,1
mi,2
dried.scallops,6
asian.black.bean.sauce,1
leftover.steak,1
chinese.barbecue.sauce,4
salted.seaweed,1
red.vinegar,1
dumpling.dough,1
long.green.chilies,1
char,2
wish.bone.light.italian.dressing,1
lily.buds,8
mein,4
chinese.sesame.paste,5
shaoxing,9
fructose,2
angled.loofah,1
tyson.crispy.chicken.strips,1
lotus.seed.paste,1
low.sodium.stock,1
petrale.sole,1
sichuanese.chili.paste,4
frozen.petit.pois,2
skinless.chicken.breast.fillets,1
sweet.bean.sauce,4
black.moss,2
popcorn.chicken,1
goma,1
organic.soy.sauce,1
frozen.popcorn.chicken,3
agar.agar.flakes,1
tree.ears,1
wood.mushrooms,1
dried.oysters,1
knorr.homestyl.stock...beef,1
fillet.of.beef,1
chinese.plum.sauce,3
egg.roll.skins,1
tamari.tamari,1
king.oyster.mushroom,1
mae.ploy.sweet.chili.sauce,1
lap.cheong,1
black.rice.vinegar,9
chinese.pancakes,3
flowering.garlic.chives,1
lipton.sparkling.diet.green.tea.with.strawberry.kiwi,1
sweet.bean.paste,2
doubanjiang,2
pangasius,1
nappa.cabbage,2
bai.cai,1
imperial.sugar.light.brown.sugar,1
loose.leaf.black.tea,1
chinese.jujubes,1
sweetened.red.beans,1
pancake.batter,1
duck.sauce,1
plum.wine,1
bottled.chili.sauce,2
chinese.buns,1
chopped.cooked.meat,3
soy.vayR.toasted.sesame.dressing...marinade,1
unsweetened.dried.coconut,1
sesame.seed.paste,1
longan,1
regular.sugar,2
vegan.chicken.flavored.bouillon,1
chinese.pea.pods,1
potsticker.wrappers,3
X33..less.sodium.smoked.fully.cooked.ham,1
wing.sauce,1
dark.meat,1
plum.jam,1
kung.pao.sauce,2
fried.wonton.strips,1
bean.curd.stick,1
skinless.and.boneless.chicken.breast.fillet,1
lapsang.souchong,1
century.eggs,1
hong.kong.style.noodles,2
forest.mushroom,1
long.green,1
dried.cloud.ears,1
black.bean.stir.fry.sauce,1
fat.free.ground.turkey.breast,1
pineapple.chunks.in.natural.juice,1
flavored.wine,1
suckling.pig,1
frozen.garden.peas,1
peapods,1
soy.vayR.hoisin.garlic.marinade...sauce,1
duck.bones,1
calamari.steak,1
sichuan.peppercorn.oil,1
fresh.chicken.stock,1
reduced.sugar.orange.marmalade,2
fermented.bean.paste,2
wieners,1
tangzhong.roux,1
tiger.lily.buds,1
lo.bok,1
diced.mushrooms,1
roast.duck.meat,1
ginkgo.nut,2
lipton.pure.leaf.unsweeten.iced.tea,1
pineapple.syrup,1
kikkoman.less.sodium.soy.sauce,1
refrigerated.bread.dough,1
kikkoman.oyster.sauce,2
water.chestnut.powder,1
shanghai.bok.choy,2
grain.alcohol,1
black.garlic,1
mian,1
won.ton.skins,1
chinese.winter.melon,1
wonton.noodles,2
chinese.pepper,1
gluten.free.oyster.sauce,1
gluten.free.tamari.sauce,1
frozen.seafood,1
center.cut.pork.roast,1
chinese.radish,1
citric.acid.powder,1
cinnamon.toast.crunch.cereal,1
potato.starch.flour,1
lotus.leaves,1
crosswise,1
reduced.sodium.chicken.bouillon.granules,1
mung.bean.vermicelli,1
lop.chong,1
