white.almond.bark,1
gnocchi,41
pappardelle,11
chestnut.flour,1
pasta.sheets,9
bertolliR.classico.olive.oil,16
bertolli.vineyard.premium.collect.marinara.with.burgundi.wine.sauc,5
cheese.ravioli,18
italian.style.rolls,1
sargentoR.traditional.cut.shredded.mozzarella.cheese,1
mozzarella.balls,4
lasagne,6
aged.gouda,1
pasta.rotel,2
uncooked.rigatoni,6
sicilian.olives,7
kraft.grated.parmesan.cheese,10
wheat.berries,4
whole.wheat.fettuccine,4
castellane,2
whole.wheat.lasagna.noodles,8
grappa,9
romana,1
hot.cocoa.mix,2
abbamele,1
pinot.grigio,3
liquid.egg.substitute,1
veal.scallopini,2
bread.yeast,1
vegan.parmesan.cheese,4
short.pasta,7
turbot,2
potato.gnocchi,20
gelato,4
italian.loaf,4
angel.food.cake.mix,2
salad.seasoning.mix,4
fettuccine,4
cannelloni.shells,2
limoncello,6
cavolo.nero,4
grated.parmesan.romano,2
barilla,4
perciatelli,7
focaccia,10
herb.vinegar,3
bottled.balsamic.vinaigrette,1
whole.wheat.pizza.crust,3
red.vermouth,5
ravioli,16
sambuca,4
hazelnut.butter,4
reduced.fat.alfredo.sauce,4
frozen.cheese.ravioli,6
minced.peperoncini,2
teleme,2
dried.fettuccine,14
bucatini,16
teardrop.tomatoes,2
stolichnaya,1
pepperocini,2
dandelion,1
bulk.italian.sausag,21
manicotti.pasta,4
ditalini,11
margherita.pepperoni,1
soft.shell.clams,1
orange.soda,1
wagon.wheels,1
marrons,1
knudsen.2..milkfat.low.fat.cottage.cheese,1
kraft.reduced.fat.shredded.mozzarella.cheese,1
caponata,1
bocconcini,17
peperoncino,6
bertolliR.alfredo.sauce,8
strozzapreti,3
kraft.sun.dried.tomato.vinaigrette,1
whole.wheat.submarine.loaves,1
low.fat.reduced.sodium.pasta.sauce,1
calabrese.sausage,1
parmagiano.reggiano,13
pasta.shell.small,6
dry.lasagna,4
lasagna.sheets,3
vin.santo,7
cilantro.pesto,1
caciocavallo,2
ground.italian.sausage,4
low.fat.spaghetti.sauce,7
pizza.crust.mix,3
white.arborio.rice,2
miniature.chocolate.chips,2
borlotti.beans,5
reduced.fat.ricotta.cheese,2
fresh.mozzarella.balls,5
cream.cheese.with.chives.and.onion,2
dried.pappardelle,7
savoiardi,2
italian.cheese.blend,7
barilla.oven.ready.lasagne,2
coffee.low.fat.frozen.yogurt,1
dried.pineapple,1
treviso,1
chianti,10
taleggio,3
mostaccioli,3
grated.pecorino,7
cooked.rigatoni,9
lambrusco,1
spaghetti.sauce.seasoning.mix,3
candied.citron.peel,1
shredded.italian.cheese,7
crusty.loaf,1
johnsonville.mild.italian.sausage.links,4
egg.pasta,1
tallow,1
kahlua.liqueur,1
links,2
crumbled.ricotta.salata.cheese,10
estancia.pinot.noir,1
whole.wheat.french.bread,2
ficelle,2
purple.grapes,1
salted.roasted.pecans,1
gemelli,14
low.fat.mozzarella.cheese,10
chees.mozzarella.stick,3
gluten.flour,1
knorr.italian.side...creami.garlic.shell,1
turkey.salami,1
prego.fresh.mushroom.italian.sauce,3
baby.broccoli,2
mini.pepperoni.slices,1
cream.cheese.with.chives,2
delallo.extra.virgin.olive.oil,1
knorrR.pasta.sides.U.2122....alfredo,2
cooked.italian.meatballs,2
campanelle,6
wild.garlic,2
fresh.pasta,7
preshred.low.fat.mozzarella.chees,1
lady.fingers,2
swanson.vegetable.broth,1
burrata,7
cheese.sticks,2
lobster.stock,1
reduced.sodium.chicken.stock,1
alfredo.sauce.mix,2
whole.wheat.spaghettini,1
robert.mondavi.fume.blanc,1
campari,9
gravy.mix.mushroom,1
unsalted.beef.stock,1
high.gluten.bread.flour,1
low.sodium.low.fat.pasta.sauce,1
jumbo.macaroni.shells,1
shaved.parmesan.cheese,8
X8.ounc.ziti.pasta,1
low.moisture.mozzarella,5
chocolate.leaves,1
low.fat.bottled.italian.dressing,1
red.mustard,1
bertolliR.arrabbiata.sauce,1
crushed.saltines,1
philadelphia.light.cream.cheese,3
italian.style.meatballs,2
royal.olives,1
san.marzano.diced.tomatoes,1
bertolli.garlic.alfredo.sauce,2
shortbread,1
extra.lean.minced.beef,1
cannoli.shells,3
ragu.sauce,1
ricard,1
cured.meats,1
manicotti,6
nonpareils,2
dried.mission.figs,2
semi.soft.cheese,1
low.fat.mild.italian.turkey.sausage,1
regular.chicken.broth,1
moose,1
proscuitto.di.parma,1
meyer.lemon.peel,1
italian.turkey.sausage.links,2
stonefire.italian.artisan.pizza.crust,2
whole.wheat.seasoned.breadcrumbs,1
whole.wheat.orzo,1
pignolis,2
whole.wheat.baguette,2
pound.cake.mix,1
spiny.lobsters,1
ground.hazelnuts,1
vanilla.vodka,1
white.creme.de.cacao,1
refrigerated.chocolate.chip.cookie.dough,1
san.marzano.crushed.tomatoes,1
seafood.glaze,1
granita,1
nonfat.chicken.broth,3
fat.free.lemon.curd,2
canned.salmon,1
ciabatta.buns,1
imitation.vanilla.flavoring,1
whole.wheat.uncooked.lasagna.noodles,1
toasted.sunflower.seeds,1
frozen.mini.ravioli,1
chunky.pasta.sauce,7
bertolli.four.chees.rosa.sauc,2
green.pesto,1
gorgonzola.dolce,4
traditional.italian.sauce,2
rennet,2
ceci.bean,1
and.cook.drain.pasta.ziti,1
chilled.seltzer,1
veal.loin,1
italian.chicken.sausage,5
meat.fats,1
hot.italian.pork.sausage,1
wish.bone,1
boneless.beef.rib.eye.steaks,2
sauce.tomato,2
whole.wheat.rigatoni,3
capocollo,2
meat.filled.tortellini,1
pastina,2
rigatoni.or.large.tube.pasta,2
levain.bread,1
penn.pasta,3
bertolli.organic.tradit.sauc,1
bartlett.pear,2
tagliarini,2
italian.pizza.crust,1
stonefire.italian.thin.pizza.crust,2
bob.evans.italian.sausage,1
anchovy.filets,4
low.sodium.fat.free.vegetable.broth,1
low.fat.ricotta,3
precooked.meatballs,2
low.fat.marinara.sauce,3
green.giant.U.2122..sliced.mushrooms,1
low.fat.goat.cheese,2
skinless.flounder.fillets,1
black.truffle.oil,3
tubetti,7
veal.loin.chops,2
pane.di.casa,1
shredded.romano.cheese,2
multi.grain.penne.pasta,1
turkey.meatballs,1
ragu.golden.veggie.fettuccine.pasta,1
ragu.classic.alfredo.sauce,1
ragu.old.world.style.sweet.tomato.basil.pasta.sauc,2
dried.tagliatelle,1
low.fat.pasta.sauce,4
seasoned.croutons,1
X33..less.sodium.ham,3
whole.wheat.bread.cubes,1
vanilla.frozen.yogurt,1
chunky.tomato.sauce,3
buffalo.mozzarella,4
tuaca,1
batarde,1
mostarda,2
new.york.style.panetiniR.toasts,1
ciabatta.roll,1
sweet.turkey.sausage,1
brandy.extract,1
robiola,2
semi.pearled.farro,2
chilled.prosecco,4
shiraz,1
low.fat.chunky.mushroom.pasta.sauce,1
garlic.herb.feta,4
low.sodium.parmesan.cheese,1
low.fat.vegetable.primavera.spaghetti.sauce,1
balsamic.vinaigrette.salad.dressing,2
bulb.fennel,1
low.sodium.canned.chicken.broth,1
raguR.robusto.R.pasta.sauce,1
smoked.mozzarella,1
soft.rolls,1
vegan.coffee.creamer,1
salted.roasted.almonds,1
boneless.skinless.turkey.breasts,1
petits.pois,1
bresaola,2
italian.sauce,1
johnsonvilleR.mild.italian.ground.sausage,2
dry.fettuccine,1
whole.wheat.penne.rigate,1
jumbo.shells,3
clam.sauce,1
oat.milk,1
reduced.fat.reduced.sodium.tomato.and.herb.pasta.sauce,1
country.style.italian.bread,1
orange.roughy.fillet,1
shredded.basil,2
jimmy.dean.all.natural.regular.pork.sausage,1
vegetable.filled.ravioli,1
store.bought.pound.cake,1
hoagi.or.roll,1
whole.wheat.thin.italian.pizza.crust,1
asparagus.bean,1
green.figs,1
refrigerated.four.cheese.ravioli,2
domino.confectioners.sugar,1
paccheri,2
chocolate.fudge.ice.cream,1
chocolatecovered.espresso.beans,1
burger.style.crumbles,1
green.cauliflower,1
herb.cheese,1
wish.bone.light.country.italian.dressing,1
tipo.00.flour,1
whole.wheat.fusilli,1
ragu.pizza.quick.sauc,1
shredded.low.fat.mozzarella.cheese,3
low.fat.balsamic.vinaigrette,1
bertolli.vodka.sauc.made.with.fresh.cream,1
evaporated.low.fat.2..milk,1
biga,1
cardoons,1
torpedo.rolls,1
low.sodium.tomato.paste,1
top.loin.steaks,2
artisan.bread,1
shredded.low.fat.jarlsberg.cheese,1
farfalline,1
rotel.pasta,2
low.fat.creme.fraiche,1
garlic.olive.oil,1
low.fat.cream.of.celery.soup,1
heinz.worcestershire.sauce,1
chicken.nugget,1
tart.crust,1
garlic.herb.spreadable.cheese,1
pillsbury.thin.pizza.crust,1
gluten.free.marinara.sauce,1
gluten.free.lasagna.noodle,1
tomato.cream.sauce,1
sweet.italian.pork.sausage,2
raw.peeled.prawns,1
barilla.linguine,1
pork.sausage.casing,1
good.seasons.italian.dressing.mix,3
refrigerated.dinner.rolls,1
delallo.penne.ziti,1
refrigerated.seamless.crescent.dough,1
acini.di.pepe,3
cappuccino,1
snaps,1
reduced.sodium.vegetable.stock,1
quahog.clams,1
kraft.shredded.low.moisture.part.skim.mozzarella.cheese,1
whole.wheat.berries,1
cake.pound.prepar,1
meat.extract,1
fresh.white.truffles,1
chocolate.milk,1
asti.spumante,1
barolo,2
chunky.style.pasta.sauce,1
X33..less.sodium.cooked.deli.ham,1
whole.wheat.crackers,1
clementine.juice,1
low.fat.part.skim.ricotta.chees,1
sumac.powder,1
reduced.sodium.italian.style.stewed.tomatoes,1
cold.smoked.salmon,1
scape.pesto,1
low.sodium.crushed.tomatoes,2
mixed.frozen.seafood,1
jumbo.shell.pasta,1
soup.pasta,1
italian.vinaigrette,1
cubed.pancetta,1
dri.basil.leaves,2
vodka.sauce,1
quick.yeast,1
val,1
dried.rigatoni,1
salted.pistachios,1
lecithin,1
anise.oil,2
progresso.artichoke.hearts,1
sangiovese,1
fat.free.croutons,1
broiler.chicken,1
frozen.ravioli,2
fedelini,1
dried.raspberry,1
breadcrumb.mix,1
hellmann.s.dijonnaise.creamy.dijon.mustard,1
sun.dried.tomato.dressing,1
bigoli,1
cucuzza,1
italian.seasoned.diced.tomatoes,1
gluten.free.spaghetti,2
brown.rice.spaghetti,1
nonfat.mozzarella.cheese,1
white.zinfandel,1
t.bone.steak,2
pillsbury.U.2122..classic.pizza.crust,1
buffalo.mozarella,2
low.fat.firm.silken.tofu,1
hot.italian.turkey.sausage,2
porcini.powder,2
tubettini,1
dry.jack,1
slider.rolls,1
crouton.italian.season,1
low.fat.parmesan.cheese,1
tuaca.liqueur,1
italian.rolls,1
chioggia,1
veal.medallions,1
treviso.radicchio,1
black.grapes,1
matzo.cake.meal,1
seasoning.rub,1
nonfat.half.and.half,1
low.fat.soft.goat.cheese,1
cured.pork,1
barilla.piccolini.mini,1
cold.meatloaf,2
whole.wheat.angel.hair.pasta,3
brown.rice.penne,1
gnocchetti.sardi,1
progresso.balsamic.vinegar,1
chestnut.spread,1
bertolli.tomato...basil.sauce,1
small.shells,1
speck,1
pancetta.slices,2
goat.s.milk.cheese,1
wish.boneR.robusto.italian.dressing,1
prosciutto.fat,1
vanilla.bean.seeds,1
german.mustard,1
knorrR.pasta.sides.U.2122....butter...herb,1
borlotti,1
proscuitto,1
homemade.meatballs,1
shark,1
whole.grain.rotini,1
hidden.valleyR.farmhouse.originals.italian.with.herbs.dressing,1
corn.bread.crumbs,1
fingerling,1
whole.wheat.bread.dough,1
whole.wheat.sourdough.bread,1
hot.pepperoni,1
italian.meatballs,1
honeycomb.tripe,1
oil.packed.dried.tomatoes,2
veal.escalopes,1
progresso.diced.tomatoes,1
friselle,1
knorr.beef.stock.cubes,1
huckleberries,1
hot.fudge.topping,1
ragu.traditional.sauce,1
classico.pasta.sauce,1
tortelloni,1
sandwich.wraps,1
spicy.salami,1
barilla.plus.pasta,1
turkey.giblet.stock,1
conchiglie,1
X2..milk.shredded.mozzarella.cheese,1
rotini.pasta,1
tomato.garlic.pasta.sauce,1
