lamb.neck.fillets,1
puy.lentils,1
merguez.sausage,7
prune.juice,1
chuck.short.ribs,1
whole.wheat.couscous,8
grana,1
kosher.wine,1
turkey.mince,1
lamb.seasoning,1
cooking.salt,1
mushroom.broth,1
fresh.dates,1
barley.grits,1
saffron.road.vegetable.broth,1
pickle.wedges,2
moroccan.seasoning,2
chicken.consomme,1
sesame.seeds.buns,1
crisco.pure.canola.oil,1
quorn.crumbles,1
bordelaise.sauce,1
instant.couscous,3
white.grape.juice,1
lamb.cubes,1
organic.vegetable.stock,1
hake.fillets,1
pareve.margarine,1
arak,1
flax.egg,1
steak.tips,1
heirloom.squash,1
date.molasses,1
matzos,1
