turkey.hot.dogs,1
sturgeon.fillets,1
pierogi,7
splenda.granular,1
bacardiR.mixers.margarita.mix,1
bacardiR.superior,1
pullman.loaf,1
cabbage.head,1
blackcurrant.syrup,1
canned.peas.and.carrots,1
hillshire.farms.low.fat.sausage,1
kasha,3
red.russian.kale,3
vegeta.seasoning,1
tuscan.sausage,1
dark.turkey.meat,1
herring.fillets,2
poppy.seed.filling,1
bear,1
salmon.caviar,1
smoked.rashers,1
sauerkraut.juice,1
dried.allspice.berries,1
soup.bones,1
whole.wheat.cereal,1
parsley.root,2
trout.caviar,1
buckwheat.groats,2
mrs..dash.seasoning.mix,1
hoop.cheese,2
chopmeat,1
nonfat.vanilla.yogurt,1
ground.poppy.seed,1
sour.salt,1
malt,1
hops,1
flaked.oats,1
hen,1
sweet.biscuit.crumbs,1
hungarian.hot.paprika,2
cooked.beetroot,1
creamed.horseradish,2
creamer.potatoes,1
dark.rye.flour,1
beluga.lentil,1
bermuda.onion,1
snip.fresh.dill,1
wild.asparagus,1
cocktail.pumpernickel.bread,1
