light.brown.muscavado.sugar,1
pearl.rice,1
dark.chicken.stock,1
sunflower.seed.butter,1
poi,1
skippy.creamy.peanut.butter,1
cuttlefish.balls,2
thai.noodles,10
burro.banana,1
belacan,1
pea.eggplants,2
sugar.cane.juice,1
cucumber.salad,2
chicken.salad,1
organic.granulated.sugar,1
kelp.noodles,2
raw.prawn,1
roasted.chili.paste,1
dried.mango,1
maifun,1
asian.sweet.chili.sauce,1
lapsang,1
banana.flower,1
wheat.beer,2
tamarind.puree,1
red.vinegar.white.white,1
thai.black.glutinous.rice,1
nam.prik,1
knorr.pasta.side,1
flora.pro.activ,1
heinz.tomato.ketchup,1
smooth.natural.peanut.butter,2
turkey.breast.steaks,1
basa.fillets,1
jif.creamy.peanut.butter,2
baby.tatsoi,2
lesser.galangal,1
oriental.radish,1
reduced.fat.chunky.peanut.butter,2
sodium.reduced.chicken.broth,1
jasmine.brown.rice,2
tom.yum.paste,5
dairy.free.coconut.ice.cream,1
less.sodium.mushroom.flavored.soy.sauce,1
boy.choy,1
hamachi,1
cooked.fettuccini,1
thai.eggplants,3
greater.galangal,2
table.syrup,1
japanese.style.bread.crumbs,1
japanese.peanuts,1
pummelo,2
blacan,1
sodium.free.chicken.stock,1
panang.curry.paste,3
nama.shoyu,1
ngo.gai,1
organic.low.sodium.chicken.broth,1
low.fat.canned.coconut.milk,1
bird.pepper,1
sturgeon,1
soybean.oil,1
kha,1
asian.dressing,1
kim.crawford.sauvignon.blanc,1
pandan.essence,1
knorr.fish.stock.cubes,1
spicy.mayonnaise,1
skinless.snapper.fillets,1
ramen.noodle.soup,1
soy.based.liquid.seasoning,1
riblets,1
ciabatta.loaf,1
